FileName,URL
bank-ibanking-digital-token-benefits.md,https://www.dbs.com.sg/personal/support/bank-ibanking-digital-token-benefits.html
bank-ibanking-digital-token-requirements.md,https://www.dbs.com.sg/personal/support/bank-ibanking-digital-token-requirements.html
bank-ibanking-replace-secure-device.md,https://www.dbs.com.sg/personal/support/bank-ibanking-replace-secure-device.html
help_support-banking-funds_transfer_in_advance.md,https://www.dbs.com.sg/personal/support/bank-local-funds-transfer-future-transfer.html
help_support-banking-pay_bills_using_dbs_paylah.md,https://www.dbs.com.sg/personal/support/bank-ssb-paylah-bill-payment.html
card-application-cpf-web-linkup-service.md,https://www.dbs.com.sg/personal/support/card-application-cpf-web-linkup-service.html
help_support-credit_cards-credit_card_payment_cut-off_times.md,https://www.dbs.com.sg/personal/support/card-payment-cut-off-times.html
help_support-credit_cards-set_up_giro_payment_for_dbsposb_credit_card_bill.md,https://www.dbs.com.sg/personal/support/card-payment-giro-application.html
digi.md,https://www.dbs.com.sg/personal/support/digi.html
general-card-security-transaction-alerts.md,https://www.dbs.com.sg/personal/support/general-card-security-transaction-alerts.html
guide-homeloan-repricing-documents.md,https://www.dbs.com.sg/personal/support/guide-homeloan-repricing-documents.html
guide-unexpected-moments.md,https://www.dbs.com.sg/personal/support/guide-unexpected-moments.html
help_support-investment-link_cdp_securities_account_to_dbs_vickers_online_trading_account.md,https://www.dbs.com.sg/personal/support/investment-vickers-link-cdp-to-vickers.html
investment-vickers-rejected-cpf-srs-trades.md,https://www.dbs.com.sg/personal/support/investment-vickers-rejected-cpf-srs-trades.html
help_support-borrow-request_for_partial_repayment_of_home_loan.md,https://www.dbs.com.sg/personal/support/loans-homeloan-partial-repayment.html
help_support-borrow-how_to_obtain_documents_required_for_home_loan_repricing.md,https://www.dbs.com.sg/personal/support/loans-homeloan-repricing-steps-to-obtain-documents.html
loans-homeloan-revise-cpf-monthly-repayment.md,https://www.dbs.com.sg/personal/support/loans-homeloan-revise-cpf-monthly-repayment.html
wealth-iwealth-access-iwealth.md,https://www.dbs.com.sg/personal/support/wealth-iwealth-access-iwealth.html
wealth-iwealth-new-dbs-iwealth-app.md,https://www.dbs.com.sg/personal/support/wealth-iwealth-new-dbs-iwealth-app.html
insurance-travel-marketplace-mytravelprotect.md,https://www.dbs.com.sg/personal/support/insurance-travel-marketplace-mytravelprotect.html
help_support-banking-activate_account_new_to_bank_customers.md,https://www.dbs.com.sg/personal/support/bank-account-activate-ntb.html
bank-account-change-msa-contribution.md,https://www.dbs.com.sg/personal/support/bank-account-change-msa-contribution.html
help_support-banking-close_a_dbsposb_deposit_account.md,https://www.dbs.com.sg/personal/support/bank-account-closure.html
help_support-banking-change_fixed_deposit_maturity_instructions.md,https://www.dbs.com.sg/personal/support/bank-account-fixed-deposit-maturity-instructions.html
help_support-banking-open_a_fixed_deposit_account.md,https://www.dbs.com.sg/personal/support/bank-account-fixed-deposit-opening.html
bank-account-fixed-deposit-placement.md,https://www.dbs.com.sg/personal/support/bank-account-fixed-deposit-placement.html
bank-account-fixed-deposit-withdrawal.md,https://www.dbs.com.sg/personal/support/bank-account-fixed-deposit-withdrawal.html
help_support-banking-open_an_account_with_dbsposb.md,https://www.dbs.com.sg/personal/support/bank-account-new-opening.html
help_support-banking-documents_required_for_account_opening.md,https://www.dbs.com.sg/personal/support/bank-account-opening-documents-required.html
help_support-investment-contribution_to_supplementary_retirement_scheme_srs_account.md,https://www.dbs.com.sg/personal/support/bank-account-srs-account-contribution.html
help_support-investment-open_a_supplementary_retirement_scheme_srs_account.md,https://www.dbs.com.sg/personal/support/bank-account-srs-account-opening.html
bank-account-transaction-codes.md,https://www.dbs.com.sg/personal/support/bank-account-transaction-codes.html
help_support-banking-understanding_your_bank_account_and_services.md,https://www.dbs.com.sg/personal/support/bank-account-understanding-your-account.html
help_support-banking-apply_for_a_debit_card.md,https://www.dbs.com.sg/personal/support/bank-atm-debit-card-application.html
help_support-banking-update_atmdebit_card_limit.md,https://www.dbs.com.sg/personal/support/bank-atm-debit-card-change-atm-card-limit.html
bank-atm-debit-card-charges-overseas-withdrawal.md,https://www.dbs.com.sg/personal/support/bank-atm-debit-card-charges-overseas-withdrawal.html
help_support-banking-check_debit_card_transaction_details.md,https://www.dbs.com.sg/personal/support/bank-atm-debit-card-transaction-details.html
help_support-banking-unable_to_withdraw_and_transact.md,https://www.dbs.com.sg/personal/support/bank-atm-debit-card-unable-to-withdraw.html
help_support-banking_credit_cards-transact_withdraw_in_foreign_currency_overseas.md,https://www.dbs.com.sg/personal/support/bank-atm-debit-card-withdraw-cash-overseas.html
help_support-banking-understanding_the_different_bill_payment_modes.md,https://www.dbs.com.sg/personal/support/bank-bill-payment-modes.html
bank-cheque-cancelling-cheques.md,https://www.dbs.com.sg/personal/support/bank-cheque-cancelling-cheques.html
bank-cheque-clearing.md,https://www.dbs.com.sg/personal/support/bank-cheque-clearing.html
bank-cheque-depositing-cheques.md,https://www.dbs.com.sg/personal/support/bank-cheque-depositing-cheques.html
help_support-banking-foreign_currency_cheque_deposit.md,https://www.dbs.com.sg/personal/support/bank-cheque-fc-cheque-fees.html
bank-cheque-multiple-names-in-cheque.md,https://www.dbs.com.sg/personal/support/bank-cheque-multiple-names-in-cheque.html
bank-cheque-purchase-ibcheque.md,https://www.dbs.com.sg/personal/support/bank-cheque-purchase-ibcheque.html
bank-cheque-purchase-ibcheque-add-recipient.md,https://www.dbs.com.sg/personal/support/bank-cheque-purchase-ibcheque-add-recipient.html
bank-cheque-purchase-ibcheque-remove-recipient.md,https://www.dbs.com.sg/personal/support/bank-cheque-purchase-ibcheque-remove-recipient.html
bank-cheque-request-new-cheque-book.md,https://www.dbs.com.sg/personal/support/bank-cheque-request-new-cheque-book.html
bank-cheque-returned-cheques-reasons.md,https://www.dbs.com.sg/personal/support/bank-cheque-returned-cheques-reasons.html
bank-cheque-view-cheque-status.md,https://www.dbs.com.sg/personal/support/bank-cheque-view-cheque-status.html
bank-cheque-wrongly-deposited-cheques.md,https://www.dbs.com.sg/personal/support/bank-cheque-wrongly-deposited-cheques.html
help_support-banking-check_account_transaction.md,https://www.dbs.com.sg/personal/support/bank-deposit-accounts-account-transactions.html
bank-deposit-accounts-calculate-madb.md,https://www.dbs.com.sg/personal/support/bank-deposit-accounts-calculate-madb.html
help_support-banking-check_account_balance.md,https://www.dbs.com.sg/personal/support/bank-deposit-accounts-check-account-balance.html
help_support-banking-differences_in_total_and_available_balance.md,https://www.dbs.com.sg/personal/support/bank-deposit-accounts-differences-account-balance.html
help_support-banking-deposit_account_minimum_balance_service_charge.md,https://www.dbs.com.sg/personal/support/bank-deposit-accounts-fall-below-fee.html
help_support-banking-peek_balance.md,https://www.dbs.com.sg/personal/support/bank-deposit-accounts-peek-balance.html
bank-deposit-autosave-conversion.md,https://www.dbs.com.sg/personal/support/bank-deposit-autosave-conversion.html
bank-deposit-passbook-conversion.md,https://www.dbs.com.sg/personal/support/bank-deposit-passbook-conversion.html
help_support-general_help-bank_branch_codes.md,https://www.dbs.com.sg/personal/support/bank-general-bank-branch-names-codes.html
help_support-general_help-dbs_posb_swift_code.md,https://www.dbs.com.sg/personal/support/bank-general-swift-code-details.html
bank-ibanking-application.md,https://www.dbs.com.sg/personal/support/bank-ibanking-application.html
bank-ibanking-change-user-id.md,https://www.dbs.com.sg/personal/support/bank-ibanking-change-user-id.html
help_support-your_guide_to_digital_token.md,https://www.dbs.com.sg/personal/support/bank-ibanking-digital-token.html
bank-ibanking-digital-token-additional-security.md,https://www.dbs.com.sg/personal/support/bank-ibanking-digital-token-additional-security.html
help_support-guide_to_your_digital_token-set_up_your_digital_token_on_newmultiple_devices.md,https://www.dbs.com.sg/personal/support/bank-ibanking-digital-token-multiple-devices.html
bank-ibanking-digital-token-no-internet.md,https://www.dbs.com.sg/personal/support/bank-ibanking-digital-token-no-internet.html
bank-ibanking-digital-token-push-notifications.md,https://www.dbs.com.sg/personal/support/bank-ibanking-digital-token-push-notifications.html
help_support-banking-set_up_your_digital_token.md,https://www.dbs.com.sg/personal/support/bank-ibanking-digital-token-setup.html
bank-ibanking-digital-token-transaction.md,https://www.dbs.com.sg/personal/support/bank-ibanking-digital-token-transaction.html
help_support-guide_to_your_digital_token-troubleshooting_your_digital_token.md,https://www.dbs.com.sg/personal/support/bank-ibanking-digital-token-troubleshoot.html
help_support-banking-log_in_to_digibank_for_new_users.md,https://www.dbs.com.sg/personal/support/bank-ibanking-first-time-login.html
help_support-banking-dbs_manage_offers_insights_notifications.md,https://www.dbs.com.sg/personal/support/bank-ibanking-manage-offers-insights-notifications.html
help_support-banking-dbs_manage_alerts.md,https://www.dbs.com.sg/personal/support/bank-ibanking-notification-alerts.html
help_support-banking-reset_digibank_pin.md,https://www.dbs.com.sg/personal/support/bank-ibanking-reset-pin.html
help_support-banking-retrieve_a_forgotten_digibank_user_id.md,https://www.dbs.com.sg/personal/support/bank-ibanking-retrieve-user-id.html
bank-ibanking-using-ib-secure-device.md,https://www.dbs.com.sg/personal/support/bank-ibanking-using-ib-secure-device.html
banking-product.md,https://www.dbs.com.sg/personal/support/banking-product.html
bank-local-funds-terminate-recurring-funds-transfer.md,https://www.dbs.com.sg/personal/support/bank-local-funds-terminate-recurring-funds-transfer.html
help_support-banking-add_dbsposb_fund_transfer_recipient.md,https://www.dbs.com.sg/personal/support/bank-local-funds-transfer-add-dbs-posb-recipients.html
help_support-banking-add_other_banks_recipient.md,https://www.dbs.com.sg/personal/support/bank-local-funds-transfer-add-other-bank-recipient.html
help_support-banking-add_paynow_recipient.md,https://www.dbs.com.sg/personal/support/bank-local-funds-transfer-add-paynow-recipient.html
help_support-banking-change_local_funds_transfer_limits.md,https://www.dbs.com.sg/personal/support/bank-local-funds-transfer-change-funds-transfer-limit.html
help_support-banking-transfer_funds_using_paynow.md,https://www.dbs.com.sg/personal/support/bank-local-funds-transfer-paynow-transfer.html
bank-local-funds-transfer-remove-dbs-posb-recipients.md,https://www.dbs.com.sg/personal/support/bank-local-funds-transfer-remove-dbs-posb-recipients.html
bank-local-funds-transfer-remove-other-bank-recipient.md,https://www.dbs.com.sg/personal/support/bank-local-funds-transfer-remove-other-bank-recipient.html
bank-local-funds-transfer-remove-paynow-recipient.md,https://www.dbs.com.sg/personal/support/bank-local-funds-transfer-remove-paynow-recipient.html
bank-local-funds-transfer-setup-recurring-funds-transfer.md,https://www.dbs.com.sg/personal/support/bank-local-funds-transfer-setup-recurring-funds-transfer.html
help_support-banking-transfer_funds_to_other_banks_account.md,https://www.dbs.com.sg/personal/support/bank-local-funds-transfer-transfer-to-other-bank-accounts.html
help_support-banking-transfer_funds_to_other_dbsposb_account.md,https://www.dbs.com.sg/personal/support/bank-local-funds-transfer-transfer-to-other-dbs-posb-accounts.html
bank-local-funds-view-recurring-funds-transfer.md,https://www.dbs.com.sg/personal/support/bank-local-funds-view-recurring-funds-transfer.html
help_support-banking-made_a_funds_transfer_to_a_wrong_recipient.md,https://www.dbs.com.sg/personal/support/bank-local-wrong-funds-transfer.html
help_support-banking-minimum_operating_system_os_requirements.md,https://www.dbs.com.sg/personal/support/bank-minimum-operating-system-requirements.html
bank-multiplier-bank-and-earn.md,https://www.dbs.com.sg/personal/support/bank-multiplier-bank-and-earn.html
help_support-banking-understanding_multipliers_eligible_transactions.md,https://www.dbs.com.sg/personal/support/bank-multiplier-eligible-transactions.html
bank-multiplier-preferential-interest.md,https://www.dbs.com.sg/personal/support/bank-multiplier-preferential-interest.html
help_support-banking-dbs_remit.md,https://www.dbs.com.sg/personal/support/bank-overseas-dbs-remit.html
help_support-banking-change_overseas_funds_transfer_limit.md,https://www.dbs.com.sg/personal/support/bank-overseas-funds-transfer-change-funds-transfer-limit.html
help_support-banking-check_remit_status.md,https://www.dbs.com.sg/personal/support/bank-overseas-funds-transfer-check-remit-status.html
help_support-banking-country_specific_information_for_dbs_remit.md,https://www.dbs.com.sg/personal/support/bank-overseas-funds-transfer-countries.html
help_support-banking-reasons_for_delayed_overseas_funds_transfer.md,https://www.dbs.com.sg/personal/support/bank-overseas-funds-transfer-delayed.html
bank-overseas-funds-transfer-fees-and-charges.md,https://www.dbs.com.sg/personal/support/bank-overseas-funds-transfer-fees-and-charges.html
bank-overseas-funds-transfer-funds-transfer-to-overseas-credit-card.md,https://www.dbs.com.sg/personal/support/bank-overseas-funds-transfer-funds-transfer-to-overseas-credit-card.html
help_support-banking-transfer_funds_to_overseas_account.md,https://www.dbs.com.sg/personal/support/bank-overseas-funds-transfer-new-remittance.html
help_support-banking-transfer_via_promptpay_thailand.md,https://www.dbs.com.sg/personal/support/bank-overseas-funds-transfer-promptpay-thailand.html
help_support-banking-set_up_recurring_funds_transfer_to_an_overseas_account.md,https://www.dbs.com.sg/personal/support/bank-overseas-funds-transfer-recurring-funds-transfer-to-overseas-account.html
bank-overseas-funds-transfer-remittance-add-recipient.md,https://www.dbs.com.sg/personal/support/bank-overseas-funds-transfer-remittance-add-recipient.html
help_support-banking-remove_overseas_funds_transfer_recipient.md,https://www.dbs.com.sg/personal/support/bank-overseas-funds-transfer-remittance-remove-recipient.html
help_support-banking-timing_and_limits_for_overseas_funds_transfer.md,https://www.dbs.com.sg/personal/support/bank-overseas-funds-transfer-service-standards.html
help_support-banking-transfer_via_paynow_upi_india.md,https://www.dbs.com.sg/personal/support/bank-overseas-paynow-upi.html
bank-overseas-wrong-funds-transfer.md,https://www.dbs.com.sg/personal/support/bank-overseas-wrong-funds-transfer.html
help_support-banking-purchase_cashiers_order.md,https://www.dbs.com.sg/personal/support/bank-payeasy-purchase-cashiers-order.html
help_support-banking-purchase_a_demand_draft.md,https://www.dbs.com.sg/personal/support/bank-payeasy-purchase-demand-draft.html
bank-payment-add-bill-payment-organisations.md,https://www.dbs.com.sg/personal/support/bank-payment-add-bill-payment-organisations.html
bank-payment-add-other-bank-credit-cards-recipient.md,https://www.dbs.com.sg/personal/support/bank-payment-add-other-bank-credit-cards-recipient.html
help_support-banking-make_bill_payment.md,https://www.dbs.com.sg/personal/support/bank-payment-bill-payment.html
help_support-banking-you_can_make_bill_payments_in_advance_easily_using_digibank..md,https://www.dbs.com.sg/personal/support/bank-payment-bill-payment-in-advance.html
help_support-banking-change_enets_d2pay_payment_limit.md,https://www.dbs.com.sg/personal/support/bank-payment-enets-d2pay-amend-payment-limit.html
help_support-banking-enets_d2pay_application.md,https://www.dbs.com.sg/personal/support/bank-payment-enets-d2pay-application.html
help_support-banking-deactivate_enets_d2pay.md,https://www.dbs.com.sg/personal/support/bank-payment-enets-d2pay-deactivation.html
help_support-banking-pay_other_banks_credit_cards.md,https://www.dbs.com.sg/personal/support/bank-payment-pay-other-bank-credit-cards.html
bank-payment-remove-bill-payment-organisations.md,https://www.dbs.com.sg/personal/support/bank-payment-remove-bill-payment-organisations.html
bank-payment-remove-other-bank-credit-cards-recipient.md,https://www.dbs.com.sg/personal/support/bank-payment-remove-other-bank-credit-cards-recipient.html
help_support-banking-set_up_a_giro_arrangement.md,https://www.dbs.com.sg/personal/support/bank-payment-setup-giro-arrangement.html
help_support-banking_credit_cards-terminate_giro_arrangement.md,https://www.dbs.com.sg/personal/support/bank-payment-terminate-giro-arrangement.html
help_support-banking-top_up_mobile_prepaid_number.md,https://www.dbs.com.sg/personal/support/bank-payment-top-up-mobile-prepaid.html
bank-payment-update-giro-limit.md,https://www.dbs.com.sg/personal/support/bank-payment-update-giro-limit.html
help_support-banking-view_active_giro_arrangements.md,https://www.dbs.com.sg/personal/support/bank-payment-view-active-giro-arrangements.html
help_support-banking-retrieve_and_share_your_transaction_details.md,https://www.dbs.com.sg/personal/support/bank-retrieve-share-transaction-details.html
help_support-bank-link_insurance_policies_to_dbs_nav_planner.md,https://www.dbs.com.sg/personal/support/bank-sgfindex-link-insurance.html
help_support-banking-apply_for_dbs_paylah.md,https://www.dbs.com.sg/personal/support/bank-ssb-apply-paylah.html
help_support-banking-close_dbs_paylah_wallet.md,https://www.dbs.com.sg/personal/support/bank-ssb-close-paylah.html
help_support-banking-deposit_cash.md,https://www.dbs.com.sg/personal/support/bank-ssb-deposit-cash.html
help_support-banking-deposit_coins.md,https://www.dbs.com.sg/personal/support/bank-ssb-deposit-coins.html
help_support-banking-exchange_foreign_currencies_using_dbs_multi-currency_account.md,https://www.dbs.com.sg/personal/support/bank-ssb-exchange-foreign-currencies.html
help_support-banking-notes_exchange.md,https://www.dbs.com.sg/personal/support/bank-ssb-notes-exchange.html
bank-ssb-paylah-change-account.md,https://www.dbs.com.sg/personal/support/bank-ssb-paylah-change-account.html
help_support-banking-keeping_your_dbs_paylah_mobile_number_updated.md,https://www.dbs.com.sg/personal/support/bank-ssb-paylah-change-mobile-number.html
bank-ssb-paylah-change-nickname.md,https://www.dbs.com.sg/personal/support/bank-ssb-paylah-change-nickname.html
bank-ssb-paylah-change-transfer-limit.md,https://www.dbs.com.sg/personal/support/bank-ssb-paylah-change-transfer-limit.html
help_support-banking-update_dbs_paylah_wallet_limit_and_daily_transfer_limit.md,https://www.dbs.com.sg/personal/support/bank-ssb-paylah-change-wallet-limit.html
help_support-banking-dbs_paylah_collect_stamp_cards.md,https://www.dbs.com.sg/personal/support/bank-ssb-paylah-collect-stamp-cards.html
bank-ssb-paylah-donation.md,https://www.dbs.com.sg/personal/support/bank-ssb-paylah-donation.html
bank-ssb-paylah-download.md,https://www.dbs.com.sg/personal/support/bank-ssb-paylah-download.html
bank-ssb-paylah-estatement.md,https://www.dbs.com.sg/personal/support/bank-ssb-paylah-estatement.html
help_support-banking-manage_dbs_paylah_notifications.md,https://www.dbs.com.sg/personal/support/bank-ssb-paylah-manage-notifications.html
help_support-banking-manage_dbs_paylah_account.md,https://www.dbs.com.sg/personal/support/bank-ssb-paylah-manage-wallet.html
bank-ssb-paylah-merchant-checkout.md,https://www.dbs.com.sg/personal/support/bank-ssb-paylah-merchant-checkout.html
bank-ssb-paylah-promo-spend-and-win.md,https://www.dbs.com.sg/personal/support/bank-ssb-paylah-promo-spend-and-win.html
bank-ssb-paylah-request-funds.md,https://www.dbs.com.sg/personal/support/bank-ssb-paylah-request-funds.html
help_support-banking-responding_to_fund_requests_using_dbs_paylah.md,https://www.dbs.com.sg/personal/support/bank-ssb-paylah-responding-transfer-funds.html
bank-ssb-paylah-scan-and-pay.md,https://www.dbs.com.sg/personal/support/bank-ssb-paylah-scan-and-pay.html
bank-ssb-paylah-transaction-history.md,https://www.dbs.com.sg/personal/support/bank-ssb-paylah-transaction-history.html
help_support-banking-transfer_funds_using_dbs_paylah.md,https://www.dbs.com.sg/personal/support/bank-ssb-paylah-transfer-funds.html
help_support-banking-discover_how_you_can_save_more_with_dbsposb_card_deals_and_paylah_deals.md,https://www.dbs.com.sg/personal/support/bank-ssb-paylah-view-card-deals.html
help_support-banking-update_paynow_details.md,https://www.dbs.com.sg/personal/support/bank-ssb-paynow-amend-profile.html
help_support-banking-check_paynow_profile.md,https://www.dbs.com.sg/personal/support/bank-ssb-paynow-check-profile.html
help_support-banking-cancel_childs_paynow_16_years_old.md,https://www.dbs.com.sg/personal/support/bank-ssb-paynow-deregister-child-profile.html
help_support-banking-cancel_paynow_profile.md,https://www.dbs.com.sg/personal/support/bank-ssb-paynow-deregister-profile.html
help_support-banking-apply_for_paynow_for_your_child_16_years_old.md,https://www.dbs.com.sg/personal/support/bank-ssb-paynow-register-child-profile.html
help_support-banking-apply_for_paynow.md,https://www.dbs.com.sg/personal/support/bank-ssb-paynow-register-profile.html
help_support-banking-authentication_in_phone_banking.md,https://www.dbs.com.sg/personal/support/bank-ssb-phone-banking-authentication.html
help_support-banking-phone_banking_services.md,https://www.dbs.com.sg/personal/support/bank-ssb-phone-banking-services.html
bank-ssb-reset-paylah.md,https://www.dbs.com.sg/personal/support/bank-ssb-reset-paylah.html
help_support-general_help-safety_switch.md,https://www.dbs.com.sg/personal/support/bank-ssb-safety-switch.html
help_support-banking-local_cash_withdrawal.md,https://www.dbs.com.sg/personal/support/bank-ssb-withdraw-cash-local.html
help_support-banking-consolidated_statements.md,https://www.dbs.com.sg/personal/support/bank-statements-consolidated-statements.html
bank-statements-estatements-deenrol.md,https://www.dbs.com.sg/personal/support/bank-statements-estatements-deenrol.html
help_support-banking-enrol_to_estatement_and_eadvices.md,https://www.dbs.com.sg/personal/support/bank-statements-estatements-enrol.html
help_support-banking-apply_for_financial_standing_statement.md,https://www.dbs.com.sg/personal/support/bank-statements-financial-standing-statement.html
help_support-banking-manage_your_estatement_and_eadvices_notification.md,https://www.dbs.com.sg/personal/support/bank-statements-manage-eadvicesestatements-notification.html
help_support-banking-retrieval_of_printed_account_statements.md,https://www.dbs.com.sg/personal/support/bank-statements-retrieve-printed-statements.html
help_support-banking-view_your_estatements_and_eadvices.md,https://www.dbs.com.sg/personal/support/bank-statements-viewing-estatements.html
help_support-banking-switch_your_digibank_mobile_to_simple_mode.md,https://www.dbs.com.sg/personal/support/bank-switch-simple-full-mode.html
help_support-banking-view_joint_account_information.md,https://www.dbs.com.sg/personal/support/bank-view-joint-account-info.html
help_support-banking_credit_cards-activate_new_card.md,https://www.dbs.com.sg/personal/support/card-activate-new-card.html
help_support-borrow_credit_card-apply_for_dbs_personal_loan.md,https://www.dbs.com.sg/personal/support/card-application-dbs-personal-loan.html
help_support-credit_cards-documents_required_for_card_application.md,https://www.dbs.com.sg/personal/support/card-application-documents.html
help_support-credit_cards-eligibility_for_credit_card_application.md,https://www.dbs.com.sg/personal/support/card-application-eligibility.html
help_support-banking_credit_cards-manage_accounts_linked_to_your_card.md,https://www.dbs.com.sg/personal/support/card-application-link-card-to-deposit-account.html
help_support-credit_cards-apply_for_a_credit_card.md,https://www.dbs.com.sg/personal/support/card-application-new-card.html
help_support-credit_cards-check_credit_card_application_status.md,https://www.dbs.com.sg/personal/support/card-application-status.html
help_support-credit_cards-apply_for_a_supplementary_card.md,https://www.dbs.com.sg/personal/support/card-application-supplementary-card.html
help_support-credit_cards-cancellation_of_anz_credit_cards_and_cashline_service_accounts.md,https://www.dbs.com.sg/personal/support/card-cancellation-anz-paydown.html
help_support-credit_cards-dbs_credit_card_annual_fee.md,https://www.dbs.com.sg/personal/support/card-charges-and-fees-annual-fee.html
help_support-credit_cards-cash_advance_fee.md,https://www.dbs.com.sg/personal/support/card-charges-and-fees-cash-advance-fee.html
help_support-credit_cards-financeinterest_charge.md,https://www.dbs.com.sg/personal/support/card-charges-and-fees-finance-charge.html
help_support-credit_cards-late_fee.md,https://www.dbs.com.sg/personal/support/card-charges-and-fees-late-fee.html
help_support-credit_cards-over_limit_fee.md,https://www.dbs.com.sg/personal/support/card-charges-and-fees-over-limit-fee.html
help_support-banking_credit_cards-overseas_card_transaction_fees.md,https://www.dbs.com.sg/personal/support/card-charges-and-fees-overseas-transaction-fees.html
help_support-credit_cards-returned_chequegiro_fee_set_up_using_credit_cards.md,https://www.dbs.com.sg/personal/support/card-charges-and-fees-returned-cheque-giro-fee.html
help_support-cards_borrow-revised_unsecured_credit_rules_by_mas.md,https://www.dbs.com.sg/personal/support/card-credit-limit-revised-unsecured-credit-rules-by-mas.html
help_support-credit_cards-apply_for_temporary_credit_limit_increase.md,https://www.dbs.com.sg/personal/support/card-credit-limit-temp-increase.html
help_support-banking_credit_card-payment_controls_customise_your_card_functions.md,https://www.dbs.com.sg/personal/support/card-customise-card-functions.html
help_support-banking_credit_cards-replace_creditdebitatm_card.md,https://www.dbs.com.sg/personal/support/card-issues-card-replacement.html
help_support-banking_credit_cards-reset_card_pin.md,https://www.dbs.com.sg/personal/support/card-issues-forget-pin.html
help_support-banking_credit_card-lost_or_stolen_card.md,https://www.dbs.com.sg/personal/support/card-issues-lost-card.html
help_support-banking_credit_cards-pin_pay.md,https://www.dbs.com.sg/personal/support/card-issues-pin-and-pay.html
help_support-banking_credit_cards-cancel_card.md,https://www.dbs.com.sg/personal/support/card-issues-terminate-card.html
help_support-banking_credit_card-manage_your_card_spending_limits_using_payment_controls.md,https://www.dbs.com.sg/personal/support/card-manage-spending-limit.html
help_support-credit_cards-refund_ez-linknets_flashpay_value.md,https://www.dbs.com.sg/personal/support/card-matters-malfunctioned-card-ezlink-function.html
help_support-credit_cards-top_up_creditdebit_cards_with_ez-link_function.md,https://www.dbs.com.sg/personal/support/card-matters-top-up-card-ezlink-function.html
help_support-banking_credit_cards-enabledisable_card_for_overseas_use.md,https://www.dbs.com.sg/personal/support/card-overseas-enabling-for-overseas-use.html
help_support-credit_cards-credit_balance_refund.md,https://www.dbs.com.sg/personal/support/card-payment-credit-balance-refund.html
help_support-cards-credit_card_payment_due_date.md,https://www.dbs.com.sg/personal/support/card-payment-due-date.html
help_support-credit_cards-dbs_instalment_payment_plan_ipp.md,https://www.dbs.com.sg/personal/support/card-payment-ipp.html
help_support-credit_card-add_card_to_mobile_wallet.md,https://www.dbs.com.sg/personal/support/card-payment-mobile-wallet-application.html
help_support-credit_cards-pay_with_mobile_wallet.md,https://www.dbs.com.sg/personal/support/card-payment-mobile-wallet-making-payment.html
help_support-credit_cards-remove_card_from_mobile_wallet.md,https://www.dbs.com.sg/personal/support/card-payment-mobile-wallet-remove-card.html
help_support-cards-apply_for_my_preferred_payment_plan.md,https://www.dbs.com.sg/personal/support/card-payment-mp3.html
help_support-banking-check_credit_card_outstanding_balance.md,https://www.dbs.com.sg/personal/support/card-payment-outstanding-balance.html
help_support-credit_cards-pay_credit_card_bills.md,https://www.dbs.com.sg/personal/support/card-payment-pay-credit-card-bills.html
help_support-credit_cards-apply_for_a_recurring_bill_payment_arrangement.md,https://www.dbs.com.sg/personal/support/card-payment-recurring.html
help_support-credit_cards-make_payment_on_dbs_travel_leisure_marketplace.md,https://www.dbs.com.sg/personal/support/card-payment-travel-marketplace.html
help_support-banking_credit_cards-update_recurring_bill_payments_with_billing_organisations.md,https://www.dbs.com.sg/personal/support/card-payment-update-recurring-bill-payments.html
help_support-credit_cards-check_your_dbs_points_daily_safra.md,https://www.dbs.com.sg/personal/support/card-rewards-checking-your-dbs-points.html
help_support-credit_cards-convert_dbs_points_to_miles.md,https://www.dbs.com.sg/personal/support/card-rewards-convert-dbs-points-to-frequent-flyer.html
card-rewards-dailysafra.md,https://www.dbs.com.sg/personal/support/card-rewards-daily$safra$.html
help_support-credit_cards-dbs_points_expiry.md,https://www.dbs.com.sg/personal/support/card-rewards-dbs-points-expiry.html
card-rewards-earn-dbs-points.md,https://www.dbs.com.sg/personal/support/card-rewards-earn-dbs-points.html
help_support-credit_cards-redeem_rewards_or_offset_spending_using_dbs_points_daily_safra.md,https://www.dbs.com.sg/personal/support/card-rewards-redeeming-dbs-points.html
cards-product.md,https://www.dbs.com.sg/personal/support/cards-product.html
card-statement-non-receipt.md,https://www.dbs.com.sg/personal/support/card-statement-non-receipt.html
help_support-credit_cards-retrieval_of_card_statements.md,https://www.dbs.com.sg/personal/support/card-statement-retrieve-statement.html
help_support-credit_cards-understanding_your_credit_cards_statements.md,https://www.dbs.com.sg/personal/support/card-statement-understanding-statement.html
help_support-banking_credit_card-lock_your_card_temporarily_using_payment_controls.md,https://www.dbs.com.sg/personal/support/card-temp-lock-card.html
help_support-credit_cards-authenticating_your_online_3d-secure_transactions.md,https://www.dbs.com.sg/personal/support/card-transaction-3ds.html
help_support-credit_cards-check_credit_card_available_limit.md,https://www.dbs.com.sg/personal/support/card-transaction-check-limits.html
help_support-credit_cards-declined_transactions.md,https://www.dbs.com.sg/personal/support/card-transaction-declined-transaction.html
help_support-credit_cards-check_credit_card_transaction_details.md,https://www.dbs.com.sg/personal/support/card-transaction-view-transaction-details.html
help_support-cards-waive_credit_card_cashline_fees_charges.md,https://www.dbs.com.sg/personal/support/card-waive-credit-card-cashline-charges.html
digital-services-main.md,https://www.dbs.com.sg/personal/support/digital-services-main.html
general-atm-security-protecting-yourself-at-atms.md,https://www.dbs.com.sg/personal/support/general-atm-security-protecting-yourself-at-atms.html
general-atm-security-protect-yourself-overseas.md,https://www.dbs.com.sg/personal/support/general-atm-security-protect-yourself-overseas.html
help_support-general-use_sms_q.md,https://www.dbs.com.sg/personal/support/general-bank-details-branch-smsq.html
help_support-general-common_reporting_standards_crs.md,https://www.dbs.com.sg/personal/support/general-bank-details-crs.html
help_support-general_help-foreign_account_tax_compliance_act_fatca.md,https://www.dbs.com.sg/personal/support/general-bank-details-fatca.html
general-card-security-enhancing-card-usage-security.md,https://www.dbs.com.sg/personal/support/general-card-security-enhancing-card-usage-security.html
help_support-general_help-keeping_your_card_safe.md,https://www.dbs.com.sg/personal/support/general-card-security-protect-your-card-and-pin.html
general-card-security-transaction-limit.md,https://www.dbs.com.sg/personal/support/general-card-security-transaction-limit.html
help_support-general-internet_banking_security_tips.md,https://www.dbs.com.sg/personal/support/general-digibank-security-internet-banking-security-tips.html
help_support-general-mobile_banking_security_tips.md,https://www.dbs.com.sg/personal/support/general-digibank-security-mobile-banking-security-tips.html
help_support-general_help-digibot_services.md,https://www.dbs.com.sg/personal/support/general-digital-assistance.html
help_support-general_help-resolve_unexpected_card_transactions.md,https://www.dbs.com.sg/personal/support/general-incorrect-transaction.html
help_support-general_help-online_safety.md,https://www.dbs.com.sg/personal/support/general-online-safety.html
general-online-security-adapt-to-security-practices.md,https://www.dbs.com.sg/personal/support/general-online-security-adapt-to-security-practices.html
general-online-security-beware-of-online-threats.md,https://www.dbs.com.sg/personal/support/general-online-security-beware-of-online-threats.html
general-online-security-secure-technology.md,https://www.dbs.com.sg/personal/support/general-online-security-secure-technology.html
general-online-security-secure-your-wireless-network-access.md,https://www.dbs.com.sg/personal/support/general-online-security-secure-your-wireless-network-access.html
general-online-security-transaction-screening.md,https://www.dbs.com.sg/personal/support/general-online-security-transaction-screening.html
general-product.md,https://www.dbs.com.sg/personal/support/general-product.html
help_support-general-update_address.md,https://www.dbs.com.sg/personal/support/general-profile-update-address.html
help_support-general_help-update_email_address.md,https://www.dbs.com.sg/personal/support/general-profile-update-email-address.html
help_support-general_help-update_mobile_number.md,https://www.dbs.com.sg/personal/support/general-profile-update-mobile-number.html
help_support-general-update_personal_details.md,https://www.dbs.com.sg/personal/support/general-profile-update-personal-details.html
general-redeem-wogi-digital-voucher.md,https://www.dbs.com.sg/personal/support/general-redeem-wogi-digital-voucher.html
help_support-additional_measures_to_protect_you_against_phishing_scams.md,https://www.dbs.com.sg/personal/support/general-scam-additional-measures.html
general-travel-and-shop-safely.md,https://www.dbs.com.sg/personal/support/general-travel-and-shop-safely.html
general-travel-marketplace-cancel-bookings.md,https://www.dbs.com.sg/personal/support/general-travel-marketplace-cancel-bookings.html
general-travel-marketplace-make-bookings.md,https://www.dbs.com.sg/personal/support/general-travel-marketplace-make-bookings.html
general-travel-marketplace-manage-bookings.md,https://www.dbs.com.sg/personal/support/general-travel-marketplace-manage-bookings.html
help_support-banking-troubleshooting_guide.md,https://www.dbs.com.sg/personal/support/general-troubleshoot.html
guide-atm-security.md,https://www.dbs.com.sg/personal/support/guide-atm-security.html
help_support-card_replacement.md,https://www.dbs.com.sg/personal/support/guide-card-replacement.html
guide-card-security.md,https://www.dbs.com.sg/personal/support/guide-card-security.html
guide-digibank-enhancements.md,https://www.dbs.com.sg/personal/support/guide-digibank-enhancements.html
guide-giro-arrangements.md,https://www.dbs.com.sg/personal/support/guide-giro-arrangements.html
help_support-your_guide_to_digibank.md,https://www.dbs.com.sg/personal/support/guide-ibanking.html
guide-iwealth.md,https://www.dbs.com.sg/personal/support/guide-iwealth.html
help_support-your_guide_to_online_equity_trading.md,https://www.dbs.com.sg/personal/support/guide-online-equity-trading.html
help_support-your_guide_to_online_security.md,https://www.dbs.com.sg/personal/support/guide-online-security.html
help_support-your_guide_to_dbs_paylah.md,https://www.dbs.com.sg/personal/support/guide-paylah.html
guide-paynow.md,https://www.dbs.com.sg/personal/support/guide-paynow.html
help_support-your_guide_to_overseas_funds_transfer.md,https://www.dbs.com.sg/personal/support/guide-remit.html
help_support-general-dbs_security_guide_on_scams_and_fraud_attempts.md,https://www.dbs.com.sg/personal/support/guide-security-on-scams-and-fraud.html
guide-shopping.md,https://www.dbs.com.sg/personal/support/guide-shopping.html
guide-travel.md,https://www.dbs.com.sg/personal/support/guide-travel.html
help_support-general-guide_to_using_the_video_teller_machine.md,https://www.dbs.com.sg/personal/support/guide-using-the-vtm.html
help_support-your_guide_to_dbs_vickers_online_trading_account.md,https://www.dbs.com.sg/personal/support/guide-vickers.html
guide-voicebio-phonebanking.md,https://www.dbs.com.sg/personal/support/guide-voicebio-phonebanking.html
insurance-cancercare-apply.md,https://www.dbs.com.sg/personal/support/insurance-cancercare-apply.html
insurance-cashcare-apply.md,https://www.dbs.com.sg/personal/support/insurance-cashcare-apply.html
insurance-ecriticalcare-apply.md,https://www.dbs.com.sg/personal/support/insurance-ecriticalcare-apply.html
insurance-edecreasingterm-apply.md,https://www.dbs.com.sg/personal/support/insurance-edecreasingterm-apply.html
insurance-maid-apply.md,https://www.dbs.com.sg/personal/support/insurance-maid-apply.html
insurance-product.md,https://www.dbs.com.sg/personal/support/insurance-product.html
insurance-savvyendowment-apply.md,https://www.dbs.com.sg/personal/support/insurance-savvyendowment-apply.html
insurance-savvyspring-apply.md,https://www.dbs.com.sg/personal/support/insurance-savvyspring-apply.html
help_support-insure-termprotect.md,https://www.dbs.com.sg/personal/support/insurance-termprotect-apply.html
help_support-insure-complimentary_travel_insurance.md,https://www.dbs.com.sg/personal/support/insurance-travel-marketplace-complimentary-travel-insurance.html
help_support-insure-submit_travellershield_plus_claim.md,https://www.dbs.com.sg/personal/support/insurance-travel-submit-ts-claim.html
investment-cpfis-transfer-to-oa.md,https://www.dbs.com.sg/personal/support/investment-cpfis-transfer-to-oa.html
investment-product.md,https://www.dbs.com.sg/personal/support/investment-product.html
help_support-invest-apply_for_sgs_bondst-bills.md,https://www.dbs.com.sg/personal/support/investment-sgs-apply.html
investment-shares-apply-eps.md,https://www.dbs.com.sg/personal/support/investment-shares-apply-eps.html
investment-shares-check-results-esa.md,https://www.dbs.com.sg/personal/support/investment-shares-check-results-esa.html
investment-shares-esa.md,https://www.dbs.com.sg/personal/support/investment-shares-esa.html
help_support-invest-apply_for_singapore_savings_bonds.md,https://www.dbs.com.sg/personal/support/investment-ssb-apply.html
help_support-investment-check_results_for_singapore_savings_bond_application.md,https://www.dbs.com.sg/personal/support/investment-ssb-check-results.html
help_support-invest-redeem_singapore_savings_bonds.md,https://www.dbs.com.sg/personal/support/investment-ssb-redeem.html
investment-ut-apply-invest-saver.md,https://www.dbs.com.sg/personal/support/investment-ut-apply-invest-saver.html
investment-ut-redeem-holdings-invest-saver.md,https://www.dbs.com.sg/personal/support/investment-ut-redeem-holdings-invest-saver.html
investment-ut-terminate-invest-saver.md,https://www.dbs.com.sg/personal/support/investment-ut-terminate-invest-saver.html
investment-ut-update-amount-invest-saver.md,https://www.dbs.com.sg/personal/support/investment-ut-update-amount-invest-saver.html
investment-vickers-activate-foreign-markets.md,https://www.dbs.com.sg/personal/support/investment-vickers-activate-foreign-markets.html
investment-vickers-apply-dbsv-account.md,https://www.dbs.com.sg/personal/support/investment-vickers-apply-dbsv-account.html
investment-vickers-cash-upfront-account.md,https://www.dbs.com.sg/personal/support/investment-vickers-cash-upfront-account.html
investment-vickers-charges-and-commission-rates.md,https://www.dbs.com.sg/personal/support/investment-vickers-charges-and-commission-rates.html
investment-vickers-check-application-status.md,https://www.dbs.com.sg/personal/support/investment-vickers-check-application-status.html
investment-vickers-check-cash-balance.md,https://www.dbs.com.sg/personal/support/investment-vickers-check-cash-balance.html
investment-vickers-check-payment-facility.md,https://www.dbs.com.sg/personal/support/investment-vickers-check-payment-facility.html
investment-vickers-check-shareholdings.md,https://www.dbs.com.sg/personal/support/investment-vickers-check-shareholdings.html
investment-vickers-check-status-fund-withdrawal.md,https://www.dbs.com.sg/personal/support/investment-vickers-check-status-fund-withdrawal.html
investment-vickers-check-vickers-trading-limits.md,https://www.dbs.com.sg/personal/support/investment-vickers-check-vickers-trading-limits.html
investment-vickers-forgot-password.md,https://www.dbs.com.sg/personal/support/investment-vickers-forgot-password.html
help_support-banking-dbs_vickers_trading_account_numberuser_id.md,https://www.dbs.com.sg/personal/support/investment-vickers-forgot-user-id.html
investment-vickers-fund-withdrawal.md,https://www.dbs.com.sg/personal/support/investment-vickers-fund-withdrawal.html
investment-vickers-increase-trading-limits.md,https://www.dbs.com.sg/personal/support/investment-vickers-increase-trading-limits.html
investment-vickers-link-cpf-srs-to-vickers.md,https://www.dbs.com.sg/personal/support/investment-vickers-link-cpf-srs-to-vickers.html
investment-vickers-logging-into-your-account.md,https://www.dbs.com.sg/personal/support/investment-vickers-logging-into-your-account.html
help_support-invest-open_a_cpf_investment_account_with_dbsposb.md,https://www.dbs.com.sg/personal/support/investment-vickers-open-cpfis.html
investment-vickers-placing-a-trade.md,https://www.dbs.com.sg/personal/support/investment-vickers-placing-a-trade.html
investment-vickers-processing-time-for-share-transfer.md,https://www.dbs.com.sg/personal/support/investment-vickers-processing-time-for-share-transfer.html
investment-vickers-requirements-to-trade-sips.md,https://www.dbs.com.sg/personal/support/investment-vickers-requirements-to-trade-sips.html
investment-vickers-settlement-of-cpf-srs-trades.md,https://www.dbs.com.sg/personal/support/investment-vickers-settlement-of-cpf-srs-trades.html
investment-vickers-shares-delivery-settlement.md,https://www.dbs.com.sg/personal/support/investment-vickers-shares-delivery-settlement.html
investment-vickers-termination.md,https://www.dbs.com.sg/personal/support/investment-vickers-termination.html
investment-vickers-trade-using-cpf-srs-funds.md,https://www.dbs.com.sg/personal/support/investment-vickers-trade-using-cpf-srs-funds.html
help_support-investment-transfer_foreign_currency_to_dbs_vickers_online_trading_account.md,https://www.dbs.com.sg/personal/support/investment-vickers-transfer-fc.html
investment-vickers-types-of-sips.md,https://www.dbs.com.sg/personal/support/investment-vickers-types-of-sips.html
help_support-banking-form_w-8ben.md,https://www.dbs.com.sg/personal/support/investment-vickers-w8ben-form.html
help_support-borrow-manage_your_car_loan.md,https://www.dbs.com.sg/personal/support/loan-carloan-manage-car-loan.html
help_support-loans-apply_for_dbs_balance_transfer.md,https://www.dbs.com.sg/personal/support/loans-application-balance-transfer.html
help_support-loans-apply_for_dbs_debt_consolidation_plan.md,https://www.dbs.com.sg/personal/support/loans-application-dcp.html
help_support-borrow-apply_for_dbs_cashline.md,https://www.dbs.com.sg/personal/support/loans-application-new-cashline.html
loans-cashline-annual-fee.md,https://www.dbs.com.sg/personal/support/loans-cashline-annual-fee.html
help_support-borrow-pay_dbs_cashline_bill.md,https://www.dbs.com.sg/personal/support/loans-cashline-bill-payment.html
help_support-borrow-eligibility_for_dbs_cashline_application.md,https://www.dbs.com.sg/personal/support/loans-cashline-eligibility.html
loans-cashline-giro-application.md,https://www.dbs.com.sg/personal/support/loans-cashline-giro-application.html
loans-cashline-interest-charge.md,https://www.dbs.com.sg/personal/support/loans-cashline-interest-charge.html
loans-cashline-interest-rate.md,https://www.dbs.com.sg/personal/support/loans-cashline-interest-rate.html
loans-cashline-late-fee.md,https://www.dbs.com.sg/personal/support/loans-cashline-late-fee.html
help_support-borrow-check_cashline_transaction_details.md,https://www.dbs.com.sg/personal/support/loans-cashline-transaction-view-transaction-details.html
help_support-borrow-understanding_your_cashline_statements.md,https://www.dbs.com.sg/personal/support/loans-cashline-understanding-statement.html
help_support-borrow-request_to_change_home_loan_servicing_account.md,https://www.dbs.com.sg/personal/support/loans-homeloan-change-loan-servicing-account.html
help_support-borrow-check_home_loan_interest_for_tax_filing.md,https://www.dbs.com.sg/personal/support/loans-homeloan-check-total-interest.html
help_support-borrow-request_for_full_repayment_of_home_loan.md,https://www.dbs.com.sg/personal/support/loans-homeloan-full-repayment.html
help_support-loans-apply_for_renovation_loan.md,https://www.dbs.com.sg/personal/support/loans-homeloan-reno-loan-application.html
loans-homeloan-repay-using-cpf-funds.md,https://www.dbs.com.sg/personal/support/loans-homeloan-repay-using-cpf-funds.html
help_support-borrow-documents_required_for_home_loan_repricing.md,https://www.dbs.com.sg/personal/support/loans-homeloan-repricing-documents-required.html
help_support-borrow-understand_your_home_loan_transaction_history.md,https://www.dbs.com.sg/personal/support/loans-homeloan-understanding-statement.html
loans-product.md,https://www.dbs.com.sg/personal/support/loans-product.html
loans-share-financing-deposit.md,https://www.dbs.com.sg/personal/support/loans-share-financing-deposit.html
help_support-your_guide_to_dbs_digibank_wealth-update_investment_objectives_setting_ios_and_investment_knowledge_and_experience_ike_on_dbs_digibank.md,https://www.dbs.com.sg/personal/support/wealth-invest-update-investment-profile.html
wealth-iwealth-access-eadvice-estatements.md,https://www.dbs.com.sg/personal/support/wealth-iwealth-access-eadvice-estatements.html
wealth-iwealth-access-portfolio-dashboard.md,https://www.dbs.com.sg/personal/support/wealth-iwealth-access-portfolio-dashboard.html
wealth-iwealth-application.md,https://www.dbs.com.sg/personal/support/wealth-iwealth-application.html
wealth-iwealth-buying-power-borrowing-potential.md,https://www.dbs.com.sg/personal/support/wealth-iwealth-buying-power-borrowing-potential.html
wealth-iwealth-change-fixed-deposit-maturity-instructions.md,https://www.dbs.com.sg/personal/support/wealth-iwealth-change-fixed-deposit-maturity-instructions.html
wealth-iwealth-cka.md,https://www.dbs.com.sg/personal/support/wealth-iwealth-cka.html
wealth-iwealth-customise-portfolio-start-page.md,https://www.dbs.com.sg/personal/support/wealth-iwealth-customise-portfolio-start-page.html
wealth-iwealth-dashboard.md,https://www.dbs.com.sg/personal/support/wealth-iwealth-dashboard.html
wealth-iwealth-difference-asset-class-type.md,https://www.dbs.com.sg/personal/support/wealth-iwealth-difference-asset-class-type.html
wealth-iwealth-enable-privacy-mode.md,https://www.dbs.com.sg/personal/support/wealth-iwealth-enable-privacy-mode.html
wealth-iwealth-fixed-deposit-upon-maturity.md,https://www.dbs.com.sg/personal/support/wealth-iwealth-fixed-deposit-upon-maturity.html
wealth-iwealth-gain-access-advanced-market-data.md,https://www.dbs.com.sg/personal/support/wealth-iwealth-gain-access-advanced-market-data.html
wealth-iwealth-get-customised-research.md,https://www.dbs.com.sg/personal/support/wealth-iwealth-get-customised-research.html
wealth-iwealth-invest-ecorporate-action.md,https://www.dbs.com.sg/personal/support/wealth-iwealth-invest-ecorporate-action.html
wealth-iwealth-invest-funds-online.md,https://www.dbs.com.sg/personal/support/wealth-iwealth-invest-funds-online.html
wealth-iwealth-invest-us-ca-market.md,https://www.dbs.com.sg/personal/support/wealth-iwealth-invest-us-ca-market.html
wealth-iwealth-invest-using-dbs-iwealth.md,https://www.dbs.com.sg/personal/support/wealth-iwealth-invest-using-dbs-iwealth.html
wealth-iwealth-manage-multiple-portfolios.md,https://www.dbs.com.sg/personal/support/wealth-iwealth-manage-multiple-portfolios.html
wealth-iwealth-manage-notifications.md,https://www.dbs.com.sg/personal/support/wealth-iwealth-manage-notifications.html
wealth-iwealth-online-fixed-deposit.md,https://www.dbs.com.sg/personal/support/wealth-iwealth-online-fixed-deposit.html
wealth-iwealth-online-fx.md,https://www.dbs.com.sg/personal/support/wealth-iwealth-online-fx.html
wealth-iwealth-online-loan-drawdown.md,https://www.dbs.com.sg/personal/support/wealth-iwealth-online-loan-drawdown.html
wealth-iwealth-portfolio-allocations-view.md,https://www.dbs.com.sg/personal/support/wealth-iwealth-portfolio-allocations-view.html
wealth-iwealth-portfolio-analysis.md,https://www.dbs.com.sg/personal/support/wealth-iwealth-portfolio-analysis.html
wealth-iwealth-redeem-funds.md,https://www.dbs.com.sg/personal/support/wealth-iwealth-redeem-funds.html
wealth-iwealth-set-price-alerts.md,https://www.dbs.com.sg/personal/support/wealth-iwealth-set-price-alerts.html
wealth-iwealth-track-corporate-account-portfolios.md,https://www.dbs.com.sg/personal/support/wealth-iwealth-track-corporate-account-portfolios.html
wealth-iwealth-trade-equity.md,https://www.dbs.com.sg/personal/support/wealth-iwealth-trade-equity.html
wealth-iwealth-types-notifications.md,https://www.dbs.com.sg/personal/support/wealth-iwealth-types-notifications.html
wealth-iwealth-view-equity-insights.md,https://www.dbs.com.sg/personal/support/wealth-iwealth-view-equity-insights.html
wealth-iwealth-view-funds-insights.md,https://www.dbs.com.sg/personal/support/wealth-iwealth-view-funds-insights.html
wealth-iwealth-view-listing-portfolio-holdings.md,https://www.dbs.com.sg/personal/support/wealth-iwealth-view-listing-portfolio-holdings.html
wealth-iwealth-view-portfolio-transaction-history.md,https://www.dbs.com.sg/personal/support/wealth-iwealth-view-portfolio-transaction-history.html
help_support-getting_started-access_equity_trading_platform.md,https://www.dbs.com.sg/personal/support/wealth-oet-access-equity-trading-platform.html
help_support-market_insights_news_and_reports-access_market_overview.md,https://www.dbs.com.sg/personal/support/wealth-oet-access-market-overview.html
help_support-tools_and_features-advanced_market_data.md,https://www.dbs.com.sg/personal/support/wealth-oet-advanced-market-data.html
help_support-trade_equity_online-amend_order.md,https://www.dbs.com.sg/personal/support/wealth-oet-amend-order.html
help_support-trade_equity_online-cancel_an_order.md,https://www.dbs.com.sg/personal/support/wealth-oet-cancel-order.html
help_support-tools_and_features-charting.md,https://www.dbs.com.sg/personal/support/wealth-oet-charting.html
help_support-trading_eligibility-customer_account_review_car_for_listed_specified_investment_products_etfs_cbbcs_dlcs_etc.md,https://www.dbs.com.sg/personal/support/wealth-oet-customer-account-review.html
help_support-manage_account-customise_portfolio.md,https://www.dbs.com.sg/personal/support/wealth-oet-customise-portfolio.html
help_support-getting_started-customise_equity_trading_homepage.md,https://www.dbs.com.sg/personal/support/wealth-oet-customise-your-equity-trading-homepage.html
wealth-oet-dbs-online-equity-trading-faq.md,https://www.dbs.com.sg/personal/support/wealth-oet-dbs-online-equity-trading-faq.html
help_support-trading_eligibility-equity_trading_eligibility.md,https://www.dbs.com.sg/personal/support/wealth-oet-equity-trading-eligibility.html
help_support-trade_equity_online-glossary_of_abbreviations.md,https://www.dbs.com.sg/personal/support/wealth-oet-glossary-of-abbreviations.html
help_support-tools_and_features-guides_and_resources.md,https://www.dbs.com.sg/personal/support/wealth-oet-guides-resources.html
help_support-tools_and_features-market_entitlement.md,https://www.dbs.com.sg/personal/support/wealth-oet-market-entitlement.html
help_support-market_insights_news_and_reports-market_insights.md,https://www.dbs.com.sg/personal/support/wealth-oet-market-insights.html
help_support-market_insights_news_and_reports-market_news.md,https://www.dbs.com.sg/personal/support/wealth-oet-market-news.html
help_support-trade_equity_online-place_an_order.md,https://www.dbs.com.sg/personal/support/wealth-oet-place-an-order.html
help_support-market_insights_news_and_reports-research_reports.md,https://www.dbs.com.sg/personal/support/wealth-oet-research-reports.html
help_support-trading_eligibility-risk_warning_statement_rws_for_foreign_shares_markets.md,https://www.dbs.com.sg/personal/support/wealth-oet-risk-warning-statement-for-foreign-shares-market.html
help_support-trade_equity_online-search_for_a_stock.md,https://www.dbs.com.sg/personal/support/wealth-oet-search-for-stock.html
help_support-tools_and_features-stock_comparer.md,https://www.dbs.com.sg/personal/support/wealth-oet-stock-comparer.html
help_support-manage_account-stock_holdings.md,https://www.dbs.com.sg/personal/support/wealth-oet-stock-holdings.html
help_support-tools_and_features-stock_screener.md,https://www.dbs.com.sg/personal/support/wealth-oet-stock-screener.html
help_support-tools_and_features-stock_search.md,https://www.dbs.com.sg/personal/support/wealth-oet-stock-search.html
help_support-manage_account-transaction_history.md,https://www.dbs.com.sg/personal/support/wealth-oet-transaction-history.html
help_support-tools_and_features-transaction_screener.md,https://www.dbs.com.sg/personal/support/wealth-oet-transaction-screener.html
help_support-trading_eligibility-u.s._canada_market_data_agreement.md,https://www.dbs.com.sg/personal/support/wealth-oet-us-canada-market-data-agreement.html
help_support-trade_equity_online-view_order_status.md,https://www.dbs.com.sg/personal/support/wealth-oet-view-order-status.html
help_support-tools_and_features-build_and_modify_a_watchlist.md,https://www.dbs.com.sg/personal/support/wealth-oet-watchlist.html
help_support-banking-unsuccessful_fund_transfer_to_another_bank_account.md,https://www.dbs.com.sg/personal/support/bank-local-unsuccessful-transfer.html
help_support-banking-find_your_account_number.md,https://www.dbs.com.sg/personal/support/bank-account-view-account-number.html
help_support-banking-list_of_alternative_services.md,https://www.dbs.com.sg/personal/support/bank-alternative-digital-services.html
help_support-banking-avoid_using_jailbroken_rooted_mobile_devices.md,https://www.dbs.com.sg/personal/support/bank-ssb-paylah-avoid-using-jailbreak-device.html
help_support-general-dbsposb_anti-malware_security_features.md,https://www.dbs.com.sg/personal/support/general-digibank-security-malware-jailbroken-device.html
help_support-general-your_security_is_our_priority.md,https://www.dbs.com.sg/personal/support/general-digibank-security-measures.html
help_support-your_guide_to_bill_payment.md,https://www.dbs.com.sg/personal/support/guide-bill-payment.html
help_support-borrow-documents_required_for_cashline_application.md,https://www.dbs.com.sg/personal/support/loans-application-cashline-documents.html
help_support-borrow-eligibility_for_bankers_guarantee_application.md,https://www.dbs.com.sg/personal/support/loans-bankers-guarantee-application-eligibility.html
help_support-borrow-apply_for_bankers_guarantee.md,https://www.dbs.com.sg/personal/support/loans-bankers-guarantee-application.html
help_support-borrow-features_of_bankers_guarantee.md,https://www.dbs.com.sg/personal/support/loans-bankers-guarantee-features.html
help_support-borrow-bankers_guarantee_fee_and_charges.md,https://www.dbs.com.sg/personal/support/loans-bankers-guarantee-fee.html
help_support-borrow-updates_to_your_loan_account_number_format.md,https://www.dbs.com.sg/personal/support/loans-homeloan-account-number.html
help_support-borrow-your_loan_statement_for_the_year_2023.md,https://www.dbs.com.sg/personal/support/loans-homeloan-statement.html
